<?xml version="1.0"?>
<opencv_storage>
<cascade>
  <stageType>BOOST</stageType>
  <featureType>LBP</featureType>
  <height>24</height>
  <width>24</width>
  <stageParams>
    <boostType>GAB</boostType>
    <minHitRate>9.9750000238418579e-01</minHitRate>
    <maxFalseAlarm>5.0000000000000000e-01</maxFalseAlarm>
    <weightTrimRate>9.4999999999999996e-01</weightTrimRate>
    <maxDepth>1</maxDepth>
    <maxWeakCount>100</maxWeakCount></stageParams>
  <featureParams>
    <maxCatCount>256</maxCatCount>
    <featSize>1</featSize></featureParams>
  <stageNum>19</stageNum>
  <stages>
    <!-- stage 0 -->
    <_>
      <maxWeakCount>3</maxWeakCount>
      <stageThreshold>-1.0509959459304810e+00</stageThreshold>
      <weakClassifiers>
        <_>
          <internalNodes>
            0 -1 70 -196612 -985520 -754847265 -658561 -109052933
            -1601649 -68158465 -1</internalNodes>
          <leafValues>
            -9.5378309488296509e-01 8.1130194664001465e-01</leafValues></_>
        <_>
          <internalNodes>
            0 -1 10 -8389633 -11777 1536528895 2139069815 -1145307905
            1069158283 2073766911 2004876287</internalNodes>
          <leafValues>
            -7.8303527832031250e-01 7.4358206987380981e-01</leafValues></_>
        <_>
          <internalNodes>
            0 -1 16 -746064385 2144458233 1167457791 -1081090641
            1481546239 1594534875 1604316107 1330630155</internalNodes>
          <leafValues>
            -7.6109629869461060e-01 6.8582242727279663e-01</leafValues></_></weakClassifiers></_>
    <!-- stage 1 -->
    <_>
      <maxWeakCount>3</maxWeakCount>
      <stageThreshold>-1.1038533449172974e+00</stageThreshold>
      <weakClassifiers>
        <_>
          <internalNodes>
            0 -1 46 -983052 -667683 -788270629 -9317 -71761921 -1053185
            -336532993 -1</internalNodes>
          <leafValues>
            -9.3258428573608398e-01 6.8443101644515991e-01</leafValues></_>
        <_>
          <internalNodes>
            0 -1 11 -259985153 -1843745 -581987969 -2630841 805359871
            -1090070025 -71321857 -1025</internalNodes>
          <leafValues>
            -7.5732570886611938e-01 6.0619217157363892e-01</leafValues></_>
        <_>
          <internalNodes>
            0 -1 15 -131073 -9249 -1719282177 -12592177 -6292481
            -552890737 2073804767 1398759499</internalNodes>
          <leafValues>
            -7.4104481935501099e-01 5.8605659008026123e-01</leafValues></_></weakClassifiers></_>
    <!-- stage 2 -->
    <_>
      <maxWeakCount>4</maxWeakCount>
      <stageThreshold>-1.7067917585372925e+00</stageThreshold>
      <weakClassifiers>
        <_>
          <internalNodes>
            0 -1 27 -2105345 -272421 286087679 1610612631 -125043969
            1072642811 2078801903 494894847</internalNodes>
          <leafValues>
            -7.6751470565795898e-01 6.4197826385498047e-01</leafValues></_>
        <_>
          <internalNodes>
            0 -1 13 -536879105 -543940654 358415867 -987984 -607649793
            -2056480 -107938817 -68097102</internalNodes>
          <leafValues>
            -7.9854613542556763e-01 5.6084752082824707e-01</leafValues></_>
        <_>
          <internalNodes>
            0 -1 83 -69209398 -263456694 -805257152 1901285571
            -894438450 -1069234168 -1056779433 1098367967</internalNodes>
          <leafValues>
            -8.1443285942077637e-01 4.6210494637489319e-01</leafValues></_>
        <_>
          <internalNodes>
            0 -1 79 -553981186 -9075512 -536666099 -4243312 -1702181973
            -6092242 696489355 -67169509</internalNodes>
          <leafValues>
            -7.3579114675521851e-01 4.5858564972877502e-01</leafValues></_></weakClassifiers></_>
    <!-- stage 3 -->
    <_>
      <maxWeakCount>5</maxWeakCount>
      <stageThreshold>-1.1071876287460327e+00</stageThreshold>
      <weakClassifiers>
        <_>
          <internalNodes>
            0 -1 44 1528299519 522041823 -1719167489 1600126879
            -246293537 991506713 -1082401825 522190751</internalNodes>
          <leafValues>
            -6.8157696723937988e-01 6.1496800184249878e-01</leafValues></_>
        <_>
          <internalNodes>
            0 -1 81 -1068511166 -748683265 -979901537 -42083437
            1112266635 -431062901 1163654635 -2099489</internalNodes>
          <leafValues>
            -7.0925384759902954e-01 5.7424956560134888e-01</leafValues></_>
        <_>
          <internalNodes>
            0 -1 3 -524094721 -34094209 -204707877 -534261 1073799415
            2067775535 -147749633 -5441</internalNodes>
          <leafValues>
            -6.7979395389556885e-01 4.8966333270072937e-01</leafValues></_>
        <_>
          <internalNodes>
            0 -1 107 -211813382 -212608445 -1718103560 -68168967
            -611328078 -1949316937 -171060784 -975440929</internalNodes>
          <leafValues>
            -6.2964278459548950e-01 5.4142540693283081e-01</leafValues></_>
        <_>
          <internalNodes>
            0 -1 90 -8389910 -232281015 -258866622 -1300499837 -26244913
            759306 1099953135 2003826655</internalNodes>
          <leafValues>
            -7.4181282520294189e-01 4.2362257838249207e-01</leafValues></_></weakClassifiers></_>
    <!-- stage 4 -->
    <_>
      <maxWeakCount>5</maxWeakCount>
      <stageThreshold>-1.0147753953933716e+00</stageThreshold>
      <weakClassifiers>
        <_>
          <internalNodes>
            0 -1 54 -612380673 -541073473 -476181025 -729353 -745811265
            -258327 -70263361 -72321163</internalNodes>
          <leafValues>
            -7.2558921575546265e-01 5.6059205532073975e-01</leafValues></_>
        <_>
          <internalNodes>
            0 -1 20 -2623489 -33 1390085567 1604156255 -103027715
            2145360319 1953330175 1979711471</internalNodes>
          <leafValues>
            -7.4655836820602417e-01 4.8796600103378296e-01</leafValues></_>
        <_>
          <internalNodes>
            0 -1 113 -268468225 -1343291393 -134218243 -262147
            -1613787253 -1919963185 -570434355 -840958565</internalNodes>
          <leafValues>
            -5.4710847139358521e-01 6.0534065961837769e-01</leafValues></_>
        <_>
          <internalNodes>
            0 -1 82 -217845050 1918339822 1896489664 1914912974
            -570187094 1078626952 -804529341 1364187135</internalNodes>
          <leafValues>
            -7.7510780096054077e-01 4.2430642247200012e-01</leafValues></_>
        <_>
          <internalNodes>
            0 -1 94 -67108933 -73937637 -1734750149 983101595 -447751382
            -19472039 -301284433 -84936709</internalNodes>
          <leafValues>
            -5.2236324548721313e-01 5.8017420768737793e-01</leafValues></_></weakClassifiers></_>
    <!-- stage 5 -->
    <_>
      <maxWeakCount>5</maxWeakCount>
      <stageThreshold>-1.1134113073348999e+00</stageThreshold>
      <weakClassifiers>
        <_>
          <internalNodes>
            0 -1 58 10617087 -1215684613 -607036417 -1088717389
            -1073803777 -1145367297 -1078239489 -1080092165</internalNodes>
          <leafValues>
            -8.5000002384185791e-01 5.1063829660415649e-01</leafValues></_>
        <_>
          <internalNodes>
            0 -1 34 -648544773 -2762559 -1828518185 -136980495
            -923801349 -67261456 -840959493 -9372683</internalNodes>
          <leafValues>
            -6.7498862743377686e-01 5.0842404365539551e-01</leafValues></_>
        <_>
          <internalNodes>
            0 -1 101 -268436481 -1410338837 -139265 -33570821 -320086357
            -1431638097 -912417651 -842006641</internalNodes>
          <leafValues>
            -5.1864022016525269e-01 5.6887286901473999e-01</leafValues></_>
        <_>
          <internalNodes>
            0 -1 19 -26087457 -51650014 1362166099 1944266611 1183383547
            514558163 855982998 2011383649</internalNodes>
          <leafValues>
            -6.8087834119796753e-01 4.6841278672218323e-01</leafValues></_>
        <_>
          <internalNodes>
            0 -1 51 -251669249 -43329558 1089147084 1162262208
            -1431588689 -7691382 -2098261781 -1979450399</internalNodes>
          <leafValues>
            -5.8039116859436035e-01 4.6180480718612671e-01</leafValues></_></weakClassifiers></_>
    <!-- stage 6 -->
    <_>
      <maxWeakCount>7</maxWeakCount>
      <stageThreshold>-1.2638567686080933e+00</stageThreshold>
      <weakClassifiers>
        <_>
          <internalNodes>
            0 -1 25 -9576457 -570436097 -922495489 -4252321 1243564767
            1515079867 189790959 1600085999</internalNodes>
          <leafValues>
            -6.8006771802902222e-01 5.3193449974060059e-01</leafValues></_>
        <_>
          <internalNodes>
            0 -1 95 1359204546 -204213313 1438768639 1943491479
            -642844241 -1471847 1541378955 -1049121</internalNodes>
          <leafValues>
            -6.4020437002182007e-01 4.6464744210243225e-01</leafValues></_>
        <_>
          <internalNodes>
            0 -1 96 -3506426 1430547202 -1148204300 2003152826 -87099458
            -124084577 -1318060868 -167772737</internalNodes>
          <leafValues>
            -7.4707376956939697e-01 3.7778922915458679e-01</leafValues></_>
        <_>
          <internalNodes>
            0 -1 86 -1056714622 -11853369 -113519169 2147162491
            -536936773 -666894330 -20915573 -6343173</internalNodes>
          <leafValues>
            -5.7301980257034302e-01 5.0283527374267578e-01</leafValues></_>
        <_>
          <internalNodes>
            0 -1 114 -5 791392187 1073741755 -1314889 -307512421
            -1970622741 -583541539 -1918896161</internalNodes>
          <leafValues>
            -4.7671458125114441e-01 5.9391832351684570e-01</leafValues></_>
        <_>
          <internalNodes>
            0 -1 73 -12604 -412357436 -401620352 1928062863 -405552306
            1078963982 -522981182 1367339903</internalNodes>
          <leafValues>
            -7.9937624931335449e-01 3.6724808812141418e-01</leafValues></_>
        <_>
          <internalNodes>
            0 -1 63 1393251786 -78687982 -1884626216 1881947006
            -286268978 -20014582 -312806849 -715261953</internalNodes>
          <leafValues>
            -6.5297013521194458e-01 3.8412570953369141e-01</leafValues></_></weakClassifiers></_>
    <!-- stage 7 -->
    <_>
      <maxWeakCount>7</maxWeakCount>
      <stageThreshold>-1.0942354202270508e+00</stageThreshold>
      <weakClassifiers>
        <_>
          <internalNodes>
            0 -1 6 -3088385 -3080336 -546307233 -537427877 -5202029
            -3885152 -1208966725 -554305</internalNodes>
          <leafValues>
            -6.3787376880645752e-01 5.2096927165985107e-01</leafValues></_>
        <_>
          <internalNodes>
            0 -1 92 -67633221 1032785823 964402075 985503159 -121134421
            802091143 671995327 548405151</internalNodes>
          <leafValues>
            -7.3666769266128540e-01 3.9271625876426697e-01</leafValues></_>
        <_>
          <internalNodes>
            0 -1 7 -70258701 -5902 -2669065 -267533 -608458755 -4423
            1992573168 -38989</internalNodes>
          <leafValues>
            -4.7638010978698730e-01 5.5290144681930542e-01</leafValues></_>
        <_>
          <internalNodes>
            0 -1 91 -671094038 -198204120 -258817918 1927017883
            1536216846 1141727053 1676308887 1970798591</internalNodes>
          <leafValues>
            -7.7816945314407349e-01 3.8243490457534790e-01</leafValues></_>
        <_>
          <internalNodes>
            0 -1 76 341119317 -537568491 1574303231 -115 -85004289
            -23070213 -875570177 -65</internalNodes>
          <leafValues>
            -5.0306123495101929e-01 5.0815361738204956e-01</leafValues></_>
        <_>
          <internalNodes>
            0 -1 50 -318771969 -541016362 954127583 -78584078 -725901570
            -40140081 -788737361 -51315750</internalNodes>
          <leafValues>
            -5.6967306137084961e-01 4.4895365834236145e-01</leafValues></_>
        <_>
          <internalNodes>
            0 -1 85 -269488946 -3160700 45803746 -201598209 -622860530
            1443364677 -488639745 -145227841</internalNodes>
          <leafValues>
            -5.5151265859603882e-01 4.3577069044113159e-01</leafValues></_></weakClassifiers></_>
    <!-- stage 8 -->
    <_>
      <maxWeakCount>6</maxWeakCount>
      <stageThreshold>-1.0471159219741821e+00</stageThreshold>
      <weakClassifiers>
        <_>
          <internalNodes>
            0 -1 37 -984304 -8041 -740010857 1608482895 -75440583
            -1079121 -1190090005 -40241</internalNodes>
          <leafValues>
            -8.2781457901000977e-01 4.1178804636001587e-01</leafValues></_>
        <_>
          <internalNodes>
            0 -1 102 -1254621189 587240321 -174729377 -1073744929
            -76154949 -1416913877 -2063599473 168818927</internalNodes>
          <leafValues>
            -6.9624453783035278e-01 3.9891868829727173e-01</leafValues></_>
        <_>
          <internalNodes>
            0 -1 84 -67111186 -420485406 1886872290 -252183581
            -138690737 1078385155 -679741993 2012215247</internalNodes>
          <leafValues>
            -7.3152786493301392e-01 3.5725027322769165e-01</leafValues></_>
        <_>
          <internalNodes>
            0 -1 122 -539494989 -149970157 395825947 -1875799749
            -1810394973 -960674274 -1299459674 -1330580734</internalNodes>
          <leafValues>
            -5.9693163633346558e-01 4.1290226578712463e-01</leafValues></_>
        <_>
          <internalNodes>
            0 -1 24 1390208991 -1090732337 -1056847714 -73662529
            169083932 1287128075 1804291982 1610569055</internalNodes>
          <leafValues>
            -7.3203504085540771e-01 3.3171543478965759e-01</leafValues></_>
        <_>
          <internalNodes>
            0 -1 36 -1172581127 -1084499745 -138151109 -1610622577
            -1693450064 -1079803523 -1073924949 -1078246179</internalNodes>
          <leafValues>
            -5.4897409677505493e-01 4.3244060873985291e-01</leafValues></_></weakClassifiers></_>
    <!-- stage 9 -->
    <_>
      <maxWeakCount>7</maxWeakCount>
      <stageThreshold>-1.2993906736373901e+00</stageThreshold>
      <weakClassifiers>
        <_>
          <internalNodes>
            0 -1 69 -2138554113 -1079026225 -249693737 -1113755149
            -53511681 -1091865665 -791939153 -1077969989</internalNodes>
          <leafValues>
            -6.3563472032546997e-01 4.7744107246398926e-01</leafValues></_>
        <_>
          <internalNodes>
            0 -1 100 -629689986 -32042696 -436783688 -262308 -477393925
            -913658494 -576988003 -570430273</internalNodes>
          <leafValues>
            -5.9430611133575439e-01 4.3608009815216064e-01</leafValues></_>
        <_>
          <internalNodes>
            0 -1 68 -536879617 -537395203 -352551714 2097135358
            -51454258 -16984106 -52441346 -1124073761</internalNodes>
          <leafValues>
            -4.9691781401634216e-01 5.2545928955078125e-01</leafValues></_>
        <_>
          <internalNodes>
            0 -1 1 -345510663 -516325364 -81526542 -842167969 -75894863
            -78900070 -95862544 -262490</internalNodes>
          <leafValues>
            -5.1404350996017456e-01 4.7572985291481018e-01</leafValues></_>
        <_>
          <internalNodes>
            0 -1 71 -79961602 -615300144 -1023346852 -50228420
            -1280640610 -78857456 -489358635 -782894089</internalNodes>
          <leafValues>
            -6.7481994628906250e-01 3.3725172281265259e-01</leafValues></_>
        <_>
          <internalNodes>
            0 -1 87 -720899894 -765755346 -1760935870 -251457533
            -7864390 -2146449396 1125086043 1398790043</internalNodes>
          <leafValues>
            -7.3536574840545654e-01 2.8346568346023560e-01</leafValues></_>
        <_>
          <internalNodes>
            0 -1 48 -1199024936 -258938704 -128738081 -720060105
            -1431686406 -1075922545 -1059012421 -332578</internalNodes>
          <leafValues>
            -6.8053400516510010e-01 3.3661100268363953e-01</leafValues></_></weakClassifiers></_>
    <!-- stage 10 -->
    <_>
      <maxWeakCount>7</maxWeakCount>
      <stageThreshold>-1.1939821243286133e+00</stageThreshold>
      <weakClassifiers>
        <_>
          <internalNodes>
            0 -1 125 -523 -839916035 1366811969 4248789 -807940646
            -838894243 -849357363 -842011173</internalNodes>
          <leafValues>
            -4.4437256455421448e-01 5.7483369112014771e-01</leafValues></_>
        <_>
          <internalNodes>
            0 -1 2 -671350785 -712008378 -203424286 -11149854
            -1111909377 -272712813 -71636112 -524297</internalNodes>
          <leafValues>
            -5.2049237489700317e-01 4.7127810120582581e-01</leafValues></_>
        <_>
          <internalNodes>
            0 -1 97 -251146038 -628100438 -1069338102 -149728253
            -1823475314 -360064850 4971391 319772511</internalNodes>
          <leafValues>
            -6.9418603181838989e-01 3.4702566266059875e-01</leafValues></_>
        <_>
          <internalNodes>
            0 -1 31 -552612133 -27791400 -1699610640 -12059785 -53550386
            -2818320 -1213333509 -145620993</internalNodes>
          <leafValues>
            -4.4801691174507141e-01 5.2971893548965454e-01</leafValues></_>
        <_>
          <internalNodes>
            0 -1 4 -360151540 -778608233 -1663504726 810930583 160105992
            -347793 -373556210 -37756929</internalNodes>
          <leafValues>
            -6.7874771356582642e-01 3.2820165157318115e-01</leafValues></_>
        <_>
          <internalNodes>
            0 -1 106 1368387818 -73882934 -1869821942 285327759
            184205562 1443397800 -1764926785 2146951167</internalNodes>
          <leafValues>
            -6.4353328943252563e-01 3.3860060572624207e-01</leafValues></_>
        <_>
          <internalNodes>
            0 -1 62 -993081090 -4138056 -69323329 -16647207 -861218069
            -74714332 -858850542 -270337109</internalNodes>
          <leafValues>
            -7.6571470499038696e-01 2.6035898923873901e-01</leafValues></_></weakClassifiers></_>
    <!-- stage 11 -->
    <_>
      <maxWeakCount>8</maxWeakCount>
      <stageThreshold>-1.0308476686477661e+00</stageThreshold>
      <weakClassifiers>
        <_>
          <internalNodes>
            0 -1 108 1431532543 486773015 1027027253 -109342279
            -81282117 -1962150645 -62129955 219151581</internalNodes>
          <leafValues>
            -5.2424943447113037e-01 5.0268161296844482e-01</leafValues></_>
        <_>
          <internalNodes>
            0 -1 59 -1073486334 -606874145 -11016705 -9311049
            -2113751373 -21048584 -1719421705 -1073741825</internalNodes>
          <leafValues>
            -5.4559868574142456e-01 4.2038553953170776e-01</leafValues></_>
        <_>
          <internalNodes>
            0 -1 115 1945064170 1405842240 -255590720 -985544617
            282065384 1392694144 -192677428 -202113225</internalNodes>
          <leafValues>
            -5.7909590005874634e-01 3.8710400462150574e-01</leafValues></_>
        <_>
          <internalNodes>
            0 -1 45 -1155801601 -1154223245 -607029701 -1143652581
            -1707390819 -1148037065 -1082468097 -1078242049</internalNodes>
          <leafValues>
            -4.9151307344436646e-01 4.6378773450851440e-01</leafValues></_>
        <_>
          <internalNodes>
            0 -1 23 1464857282 1868743115 -2098575273 1469443979
            570810250 -808414610 1891980485 1610053531</internalNodes>
          <leafValues>
            -6.6746914386749268e-01 3.1832277774810791e-01</leafValues></_>
        <_>
          <internalNodes>
            0 -1 89 -134745656 -508568950 -221188030 -740822078
            -842007413 1313574860 -940052383 1676670975</internalNodes>
          <leafValues>
            -7.3509794473648071e-01 2.5408840179443359e-01</leafValues></_>
        <_>
          <internalNodes>
            0 -1 35 1377729275 1304460247 -1873240577 1500324347
            1545355480 1463902135 1523013326 2077981691</internalNodes>
          <leafValues>
            -6.7099952697753906e-01 3.1587433815002441e-01</leafValues></_>
        <_>
          <internalNodes>
            0 -1 98 -34872594 -29032566 -799313790 1945629671 -37170610
            185188110 -1062472633 1132459999</internalNodes>
          <leafValues>
            -7.1077471971511841e-01 2.9532417654991150e-01</leafValues></_></weakClassifiers></_>
    <!-- stage 12 -->
    <_>
      <maxWeakCount>8</maxWeakCount>
      <stageThreshold>-1.7250518798828125e+00</stageThreshold>
      <weakClassifiers>
        <_>
          <internalNodes>
            0 -1 103 -72355845 -1414812758 -67126351 -18437 -269768821
            -1347420245 -942682233 -1884291125</internalNodes>
          <leafValues>
            -4.2950606346130371e-01 5.5256658792495728e-01</leafValues></_>
        <_>
          <internalNodes>
            0 -1 65 -71770627 -82250023 1964828989 -935971 -208012359
            -1073955843 -5440517 503057404</internalNodes>
          <leafValues>
            -5.9767174720764160e-01 3.9478406310081482e-01</leafValues></_>
        <_>
          <internalNodes>
            0 -1 53 -846476321 -539503281 -732236417 -663723 -1467641401
            -5266801 -1726297937 -1431289259</internalNodes>
          <leafValues>
            -7.0517057180404663e-01 3.0182430148124695e-01</leafValues></_>
        <_>
          <internalNodes>
            0 -1 12 -83896278 -186453030 -1038035862 -1606157333
            1430499578 -933001134 1497885571 -11014633</internalNodes>
          <leafValues>
            -5.3568470478057861e-01 4.0247112512588501e-01</leafValues></_>
        <_>
          <internalNodes>
            0 -1 93 -37751042 -2623521 -1902591234 -469364498 -74391284
            -21044407 -123207890 -20978705</internalNodes>
          <leafValues>
            -5.5947089195251465e-01 3.6789354681968689e-01</leafValues></_>
        <_>
          <internalNodes>
            0 -1 105 1346630346 -775179642 -1610233280 1461011271
            1615526122 -1068447590 -1026565553 130504319</internalNodes>
          <leafValues>
            -7.1471613645553589e-01 2.7731230854988098e-01</leafValues></_>
        <_>
          <internalNodes>
            0 -1 5 1700847855 -5783729 -753444089 2001175681 1157678301
            522158529 -544484455 -1074017601</internalNodes>
          <leafValues>
            -5.9582984447479248e-01 3.3464789390563965e-01</leafValues></_>
        <_>
          <internalNodes>
            0 -1 47 -1304702758 -144743042 -1010183971 -253930562
            -2115270273 -83321310 -645020605 -950143105</internalNodes>
          <leafValues>
            -5.0654715299606323e-01 3.9538699388504028e-01</leafValues></_></weakClassifiers></_>
    <!-- stage 13 -->
    <_>
      <maxWeakCount>8</maxWeakCount>
      <stageThreshold>-1.0225086212158203e+00</stageThreshold>
      <weakClassifiers>
        <_>
          <internalNodes>
            0 -1 118 -268717061 -1427181586 -33555525 -1145358345
            -907022357 -1968517206 -574239661 -842015781</internalNodes>
          <leafValues>
            -4.0077319741249084e-01 5.4060065746307373e-01</leafValues></_>
        <_>
          <internalNodes>
            0 -1 22 -67108865 -577766657 1090605485 -1705515 -100798215
            268122298 2020104554 1979710447</internalNodes>
          <leafValues>
            -6.3624823093414307e-01 3.3363050222396851e-01</leafValues></_>
        <_>
          <internalNodes>
            0 -1 32 -586818561 2135375845 -1694531387 -548098880
            -2000700673 -285472262 -1534211603 -17789712</internalNodes>
          <leafValues>
            -5.4963284730911255e-01 3.6395379900932312e-01</leafValues></_>
        <_>
          <internalNodes>
            0 -1 116 -417074430 1462187809 -1704731148 1734585598
            -49816081 -1920607061 -776104492 -707270153</internalNodes>
          <leafValues>
            -5.7481443881988525e-01 3.7391793727874756e-01</leafValues></_>
        <_>
          <internalNodes>
            0 -1 40 -1314654726 -721046055 -2106745144 1167974794
            957074350 -570828655 1946145691 1595754267</internalNodes>
          <leafValues>
            -5.9766030311584473e-01 3.1228280067443848e-01</leafValues></_>
        <_>
          <internalNodes>
            0 -1 78 1091551234 -1610883109 2002057727 938836443
            -875576647 -811409802 -203444289 -1075629073</internalNodes>
          <leafValues>
            -5.8086699247360229e-01 3.3183220028877258e-01</leafValues></_>
        <_>
          <internalNodes>
            0 -1 109 387814827 -1458388223 857200629 -78292488 520334251
            757326259 229607549 156076092</internalNodes>
          <leafValues>
            -7.3565107583999634e-01 2.6967433094978333e-01</leafValues></_>
        <_>
          <internalNodes>
            0 -1 60 1375928394 -814801610 -1321795586 1212768080
            -611605638 -301280902 -1778413193 -511839633</internalNodes>
          <leafValues>
            -6.3901495933532715e-01 2.8087630867958069e-01</leafValues></_></weakClassifiers></_>
    <!-- stage 14 -->
    <_>
      <maxWeakCount>9</maxWeakCount>
      <stageThreshold>-1.8039920330047607e+00</stageThreshold>
      <weakClassifiers>
        <_>
          <internalNodes>
            0 -1 0 -271581185 -1880228050 -201326608 -268959750 -2097217
            -338690089 2147483568 -29</internalNodes>
          <leafValues>
            -3.8793373107910156e-01 5.5441302061080933e-01</leafValues></_>
        <_>
          <internalNodes>
            0 -1 14 -134234689 -567742930 2080307963 -1062285778
            -1174470648 504168711 -671428641 -27308969</internalNodes>
          <leafValues>
            -4.2740589380264282e-01 4.8988962173461914e-01</leafValues></_>
        <_>
          <internalNodes>
            0 -1 112 -696 -202375222 1625891050 1119861515 1607160782
            1326140364 -1057498066 -440935425</internalNodes>
          <leafValues>
            -4.9515944719314575e-01 4.0450170636177063e-01</leafValues></_>
        <_>
          <internalNodes>
            0 -1 55 -1059594753 -1219548385 71503191 859469723
            -1073017154 -15759009 313485141 454063925</internalNodes>
          <leafValues>
            -7.9538315534591675e-01 2.4530640244483948e-01</leafValues></_>
        <_>
          <internalNodes>
            0 -1 64 -1107722755 -1075053952 814281467 -1052639855
            -16974326 -24313905 -51449095 -1060246324</internalNodes>
          <leafValues>
            -4.0642410516738892e-01 4.9821457266807556e-01</leafValues></_>
        <_>
          <internalNodes>
            0 -1 66 -1115140641 -1627367793 -1723608729 -1086959321
            -105949795 -1154875369 -355795066 -1078256193</internalNodes>
          <leafValues>
            -5.4628968238830566e-01 3.6130008101463318e-01</leafValues></_>
        <_>
          <internalNodes>
            0 -1 33 -830743532 -996776 -728186792 155831165 572098702
            2104852506 4116571 -1621894328</internalNodes>
          <leafValues>
            -5.6656688451766968e-01 3.7360465526580811e-01</leafValues></_>
        <_>
          <internalNodes>
            0 -1 121 -1836327525 -1347828808 966864976 1607422333
            127653631 -1951668037 24454623 535810813</internalNodes>
          <leafValues>
            -5.1732915639877319e-01 3.6717268824577332e-01</leafValues></_>
        <_>
          <internalNodes>
            0 -1 99 -67177560 -552887670 1920655392 1344535455
            -547468209 1594577669 -138455053 -751304774</internalNodes>
          <leafValues>
            -5.6654566526412964e-01 3.5763886570930481e-01</leafValues></_></weakClassifiers></_>
    <!-- stage 15 -->
    <_>
      <maxWeakCount>10</maxWeakCount>
      <stageThreshold>-1.5680825710296631e+00</stageThreshold>
      <weakClassifiers>
        <_>
          <internalNodes>
            0 -1 126 -9438669 2008494387 37206586 271755818 -234900013
            -235539533 -939592049 -436353297</internalNodes>
          <leafValues>
            -4.0607273578643799e-01 5.1768833398818970e-01</leafValues></_>
        <_>
          <internalNodes>
            0 -1 56 1565851605 353419156 2147350527 2147483515
            1549589752 2147483644 -536887361 -2081</internalNodes>
          <leafValues>
            -4.3631741404533386e-01 4.5488497614860535e-01</leafValues></_>
        <_>
          <internalNodes>
            0 -1 52 -2122497 -235479840 -1914023169 -2142122761
            -1089851893 -1400865200 -941950229 -1059854085</internalNodes>
          <leafValues>
            -4.9984008073806763e-01 3.8381633162498474e-01</leafValues></_>
        <_>
          <internalNodes>
            0 -1 21 -750520346 626590955 1276315851 1966019359 26080128
            -612304003 1808102277 2144225243</internalNodes>
          <leafValues>
            -5.9958225488662720e-01 3.2613578438758850e-01</leafValues></_>
        <_>
          <internalNodes>
            0 -1 72 -84017441 -775561987 -303171495 -549065633
            -889206017 -343224594 -2132034818 -888997174</internalNodes>
          <leafValues>
            -3.8387486338615417e-01 5.0426632165908813e-01</leafValues></_>
        <_>
          <internalNodes>
            0 -1 80 -2130561 1000354012 1124850879 1477730335 -653332259
            -1184425919 2099371184 1461703650</internalNodes>
          <leafValues>
            -4.3987122178077698e-01 4.5117130875587463e-01</leafValues></_>
        <_>
          <internalNodes>
            0 -1 74 -557847858 -833644466 -497631072 1920185242
            -577016062 1145739269 -220215596 1350561659</internalNodes>
          <leafValues>
            -7.6922780275344849e-01 2.5852426886558533e-01</leafValues></_>
        <_>
          <internalNodes>
            0 -1 30 -1312697614 1603894495 1120504488 2006831812
            1804175803 -258891775 1794804667 1610415003</internalNodes>
          <leafValues>
            -5.3811985254287720e-01 3.2013711333274841e-01</leafValues></_>
        <_>
          <internalNodes>
            0 -1 104 1380950698 1941942822 1594160125 2077346333
            -775176214 -69668808 -1691646978 462969005</internalNodes>
          <leafValues>
            -5.8902198076248169e-01 3.1617629528045654e-01</leafValues></_>
        <_>
          <internalNodes>
            0 -1 77 -556379112 -543947631 -800243499 -36319076 -93300344
            -24111059 -91309858 951906078</internalNodes>
          <leafValues>
            -6.3538438081741333e-01 2.9123476147651672e-01</leafValues></_></weakClassifiers></_>
    <!-- stage 16 -->
    <_>
      <maxWeakCount>10</maxWeakCount>
      <stageThreshold>-1.6855287551879883e+00</stageThreshold>
      <weakClassifiers>
        <_>
          <internalNodes>
            0 -1 117 -242142309 629147650 -721075853 2012467729
            -1314430533 -1987395273 1238089882 219151583</internalNodes>
          <leafValues>
            -5.3716927766799927e-01 4.5820790529251099e-01</leafValues></_>
        <_>
          <internalNodes>
            0 -1 9 -682367484 -141168297 -765877505 -1093537671
            2067522052 -626403301 -645660929 -140833</internalNodes>
          <leafValues>
            -4.7724425792694092e-01 4.5132544636726379e-01</leafValues></_>
        <_>
          <internalNodes>
            0 -1 123 1401889482 1095726085 -1608385948 279249271
            282516420 1124173957 -176051736 -273288329</internalNodes>
          <leafValues>
            -5.8412134647369385e-01 3.7330612540245056e-01</leafValues></_>
        <_>
          <internalNodes>
            0 -1 28 -778371589 -121447358 151525362 227737617 1099538903
            279904503 1309700723 1369916279</internalNodes>
          <leafValues>
            -6.9552373886108398e-01 3.0622985959053040e-01</leafValues></_>
        <_>
          <internalNodes>
            0 -1 41 -1724884776 -314023311 280305817 -777485119
            -118161846 -1895790582 -527659782 -662119808</internalNodes>
          <leafValues>
            -5.6788414716720581e-01 3.4202107787132263e-01</leafValues></_>
        <_>
          <internalNodes>
            0 -1 57 294800667 1880150867 1074360588 -163329189
            -567190095 -1853861877 -871926905 -1079813761</internalNodes>
          <leafValues>
            -5.5328881740570068e-01 3.6522662639617920e-01</leafValues></_>
        <_>
          <internalNodes>
            0 -1 111 -639681846 -611379830 269607458 822204835
            -681667636 1384120708 -2104719220 1863671239</internalNodes>
          <leafValues>
            -6.1577653884887695e-01 3.3859667181968689e-01</leafValues></_>
        <_>
          <internalNodes>
            0 -1 75 -188508841 -647692143 155259335 1444230495
            -2113645121 2108656991 536898011 1004015671</internalNodes>
          <leafValues>
            -5.8381158113479614e-01 3.7970536947250366e-01</leafValues></_>
        <_>
          <internalNodes>
            0 -1 110 1365627884 -197125868 1074952922 1948914326
            1906911302 1530003816 -652012161 -216810545</internalNodes>
          <leafValues>
            -5.5128961801528931e-01 3.8283851742744446e-01</leafValues></_>
        <_>
          <internalNodes>
            0 -1 42 -232260257 -13537962 -134682947 -83108359
            -1329609506 -1175497426 -1249536803 -8391297</internalNodes>
          <leafValues>
            -3.4497088193893433e-01 7.1125411987304688e-01</leafValues></_></weakClassifiers></_>
    <!-- stage 17 -->
    <_>
      <maxWeakCount>9</maxWeakCount>
      <stageThreshold>-1.6110901832580566e+00</stageThreshold>
      <weakClassifiers>
        <_>
          <internalNodes>
            0 -1 124 -374347471 -1174929952 137553715 10526897
            -2058403574 -557001221 1171078149 -2134130293</internalNodes>
          <leafValues>
            -4.7807332873344421e-01 5.1812148094177246e-01</leafValues></_>
        <_>
          <internalNodes>
            0 -1 8 -1612669174 -729121118 -324330401 1015278607
            -144342016 -822065143 -1100255686 -10498229</internalNodes>
          <leafValues>
            -4.7012805938720703e-01 4.8750895261764526e-01</leafValues></_>
        <_>
          <internalNodes>
            0 -1 61 563697757 -984168635 84472345 1392660480 -69089208
            -1271955440 176210568 1510473730</internalNodes>
          <leafValues>
            -5.7901883125305176e-01 4.1205027699470520e-01</leafValues></_>
        <_>
          <internalNodes>
            0 -1 38 1394036820 -998678532 1608243928 -971382796
            -1973757430 -1896614056 693305453 -176163985</internalNodes>
          <leafValues>
            -4.7906416654586792e-01 5.0973820686340332e-01</leafValues></_>
        <_>
          <internalNodes>
            0 -1 43 -169804549 -1779066752 -279907973 -664746797
            -1090078165 -89916159 -384567271 -23945078</internalNodes>
          <leafValues>
            -4.6153602004051208e-01 5.6652230024337769e-01</leafValues></_>
        <_>
          <internalNodes>
            0 -1 120 1140368315 -274011153 871528240 1039806398
            -1008821565 61566504 -141066365 -810588329</internalNodes>
          <leafValues>
            -4.7504782676696777e-01 5.2542078495025635e-01</leafValues></_>
        <_>
          <internalNodes>
            0 -1 18 -74808823 -749032701 -1828118517 1252460609
            1980823731 -1056792064 -779392766 1996686495</internalNodes>
          <leafValues>
            -4.9665254354476929e-01 4.8636808991432190e-01</leafValues></_>
        <_>
          <internalNodes>
            0 -1 119 -740224741 -2063553406 83903632 -1320319967
            -1840953229 -1574940670 -2050340521 102220725</internalNodes>
          <leafValues>
            -5.7051962614059448e-01 4.3138086795806885e-01</leafValues></_>
        <_>
          <internalNodes>
            0 -1 49 -2134845730 1439057417 -2004858262 2089746528
            -1123089733 -6356920 -1039594517 144286755</internalNodes>
          <leafValues>
            -6.4666193723678589e-01 3.9658114314079285e-01</leafValues></_></weakClassifiers></_>
    <!-- stage 18 -->
    <_>
      <maxWeakCount>7</maxWeakCount>
      <stageThreshold>-1.1511995792388916e+00</stageThreshold>
      <weakClassifiers>
        <_>
          <internalNodes>
            0 -1 127 -1444436569 -1284374384 -1860067291 543907938
            -980179710 -841743017 1740997955 -2121299294</internalNodes>
          <leafValues>
            -3.7697994709014893e-01 7.3076921701431274e-01</leafValues></_>
        <_>
          <internalNodes>
            0 -1 67 429766801 1942028825 9441543 939622481 268468975
            470288387 167938287 696975816</internalNodes>
          <leafValues>
            -4.6861815452575684e-01 6.5044444799423218e-01</leafValues></_>
        <_>
          <internalNodes>
            0 -1 26 -142504007 1005506559 -285279592 -336789505
            1553877668 1589904621 -825028980 -291533457</internalNodes>
          <leafValues>
            -4.4016069173812866e-01 6.8938016891479492e-01</leafValues></_>
        <_>
          <internalNodes>
            0 -1 39 1345781790 -758972310 50569298 67715202 -1399980022
            -2138963968 1082163728 -1213350889</internalNodes>
          <leafValues>
            -5.2999204397201538e-01 6.1605709791183472e-01</leafValues></_>
        <_>
          <internalNodes>
            0 -1 88 -679447012 290530053 9437200 1476433938 1207959688
            -1977556984 -2111803254 -1603698685</internalNodes>
          <leafValues>
            -6.0484242439270020e-01 6.0089528560638428e-01</leafValues></_>
        <_>
          <internalNodes>
            0 -1 29 -55241489 -942284972 -1025094205 272695040
            -1393577851 -622899629 -1605633585 -1568473268</internalNodes>
          <leafValues>
            -4.5350095629692078e-01 7.5153464078903198e-01</leafValues></_>
        <_>
          <internalNodes>
            0 -1 17 419540997 -2126905146 -2146959179 65667 -2130374390
            -1476395007 -534708103 -28727278</internalNodes>
          <leafValues>
            -5.4221707582473755e-01 6.4120870828628540e-01</leafValues></_></weakClassifiers></_></stages>
  <features>
    <_>
      <rect>
        0 3 5 1</rect></_>
    <_>
      <rect>
        0 4 4 2</rect></_>
    <_>
      <rect>
        0 4 5 1</rect></_>
    <_>
      <rect>
        0 5 6 4</rect></_>
    <_>
      <rect>
        0 18 5 1</rect></_>
    <_>
      <rect>
        1 5 6 4</rect></_>
    <_>
      <rect>
        1 7 6 4</rect></_>
    <_>
      <rect>
        2 4 3 2</rect></_>
    <_>
      <rect>
        2 13 2 2</rect></_>
    <_>
      <rect>
        2 18 3 1</rect></_>
    <_>
      <rect>
        3 2 6 3</rect></_>
    <_>
      <rect>
        3 5 5 4</rect></_>
    <_>
      <rect>
        3 9 2 3</rect></_>
    <_>
      <rect>
        3 10 5 3</rect></_>
    <_>
      <rect>
        3 15 2 2</rect></_>
    <_>
      <rect>
        3 15 6 2</rect></_>
    <_>
      <rect>
        3 16 6 2</rect></_>
    <_>
      <rect>
        3 17 2 1</rect></_>
    <_>
      <rect>
        4 0 5 6</rect></_>
    <_>
      <rect>
        4 3 3 2</rect></_>
    <_>
      <rect>
        4 3 6 2</rect></_>
    <_>
      <rect>
        4 4 2 3</rect></_>
    <_>
      <rect>
        4 4 6 2</rect></_>
    <_>
      <rect>
        4 5 2 3</rect></_>
    <_>
      <rect>
        4 16 4 2</rect></_>
    <_>
      <rect>
        4 16 5 2</rect></_>
    <_>
      <rect>
        4 17 4 2</rect></_>
    <_>
      <rect>
        5 2 5 3</rect></_>
    <_>
      <rect>
        5 4 3 1</rect></_>
    <_>
      <rect>
        5 8 5 2</rect></_>
    <_>
      <rect>
        5 9 2 2</rect></_>
    <_>
      <rect>
        5 9 2 3</rect></_>
    <_>
      <rect>
        5 9 3 3</rect></_>
    <_>
      <rect>
        5 10 1 2</rect></_>
    <_>
      <rect>
        5 10 3 3</rect></_>
    <_>
      <rect>
        5 17 4 2</rect></_>
    <_>
      <rect>
        6 2 3 5</rect></_>
    <_>
      <rect>
        6 4 3 6</rect></_>
    <_>
      <rect>
        6 7 1 3</rect></_>
    <_>
      <rect>
        6 8 1 3</rect></_>
    <_>
      <rect>
        6 8 2 2</rect></_>
    <_>
      <rect>
        6 8 4 1</rect></_>
    <_>
      <rect>
        6 9 1 2</rect></_>
    <_>
      <rect>
        6 10 3 2</rect></_>
    <_>
      <rect>
        6 16 5 2</rect></_>
    <_>
      <rect>
        7 1 3 5</rect></_>
    <_>
      <rect>
        7 5 3 5</rect></_>
    <_>
      <rect>
        7 7 1 3</rect></_>
    <_>
      <rect>
        7 7 3 2</rect></_>
    <_>
      <rect>
        7 8 2 2</rect></_>
    <_>
      <rect>
        7 8 3 3</rect></_>
    <_>
      <rect>
        7 9 4 2</rect></_>
    <_>
      <rect>
        7 10 3 2</rect></_>
    <_>
      <rect>
        7 10 3 4</rect></_>
    <_>
      <rect>
        7 11 3 3</rect></_>
    <_>
      <rect>
        7 14 3 2</rect></_>
    <_>
      <rect>
        7 18 4 2</rect></_>
    <_>
      <rect>
        8 1 3 5</rect></_>
    <_>
      <rect>
        8 3 3 4</rect></_>
    <_>
      <rect>
        8 5 1 3</rect></_>
    <_>
      <rect>
        8 7 1 3</rect></_>
    <_>
      <rect>
        8 7 3 1</rect></_>
    <_>
      <rect>
        8 7 3 3</rect></_>
    <_>
      <rect>
        8 8 1 3</rect></_>
    <_>
      <rect>
        8 9 3 1</rect></_>
    <_>
      <rect>
        9 1 2 2</rect></_>
    <_>
      <rect>
        9 2 3 5</rect></_>
    <_>
      <rect>
        9 3 1 1</rect></_>
    <_>
      <rect>
        9 3 5 1</rect></_>
    <_>
      <rect>
        9 5 3 3</rect></_>
    <_>
      <rect>
        9 5 3 5</rect></_>
    <_>
      <rect>
        9 9 1 3</rect></_>
    <_>
      <rect>
        9 9 3 2</rect></_>
    <_>
      <rect>
        9 11 1 1</rect></_>
    <_>
      <rect>
        9 12 1 1</rect></_>
    <_>
      <rect>
        9 15 2 2</rect></_>
    <_>
      <rect>
        9 18 2 2</rect></_>
    <_>
      <rect>
        10 1 3 2</rect></_>
    <_>
      <rect>
        10 3 1 4</rect></_>
    <_>
      <rect>
        10 5 3 6</rect></_>
    <_>
      <rect>
        10 6 1 1</rect></_>
    <_>
      <rect>
        10 6 1 3</rect></_>
    <_>
      <rect>
        10 9 1 2</rect></_>
    <_>
      <rect>
        10 10 1 2</rect></_>
    <_>
      <rect>
        10 11 1 1</rect></_>
    <_>
      <rect>
        10 12 1 1</rect></_>
    <_>
      <rect>
        11 5 1 3</rect></_>
    <_>
      <rect>
        11 9 1 2</rect></_>
    <_>
      <rect>
        11 9 2 1</rect></_>
    <_>
      <rect>
        11 10 1 1</rect></_>
    <_>
      <rect>
        11 11 1 1</rect></_>
    <_>
      <rect>
        11 12 1 1</rect></_>
    <_>
      <rect>
        12 4 3 2</rect></_>
    <_>
      <rect>
        12 4 4 1</rect></_>
    <_>
      <rect>
        12 4 4 2</rect></_>
    <_>
      <rect>
        12 6 1 3</rect></_>
    <_>
      <rect>
        12 8 3 3</rect></_>
    <_>
      <rect>
        12 9 1 2</rect></_>
    <_>
      <rect>
        12 11 1 1</rect></_>
    <_>
      <rect>
        12 12 1 1</rect></_>
    <_>
      <rect>
        12 12 3 2</rect></_>
    <_>
      <rect>
        12 14 4 2</rect></_>
    <_>
      <rect>
        12 15 3 2</rect></_>
    <_>
      <rect>
        12 15 4 2</rect></_>
    <_>
      <rect>
        13 8 1 3</rect></_>
    <_>
      <rect>
        13 9 1 2</rect></_>
    <_>
      <rect>
        13 10 1 2</rect></_>
    <_>
      <rect>
        13 11 3 2</rect></_>
    <_>
      <rect>
        13 13 3 2</rect></_>
    <_>
      <rect>
        13 14 2 2</rect></_>
    <_>
      <rect>
        14 4 3 1</rect></_>
    <_>
      <rect>
        14 9 1 2</rect></_>
    <_>
      <rect>
        14 10 1 1</rect></_>
    <_>
      <rect>
        14 13 3 2</rect></_>
    <_>
      <rect>
        14 14 3 2</rect></_>
    <_>
      <rect>
        15 9 1 2</rect></_>
    <_>
      <rect>
        15 10 2 2</rect></_>
    <_>
      <rect>
        15 14 2 2</rect></_>
    <_>
      <rect>
        15 14 3 2</rect></_>
    <_>
      <rect>
        15 15 2 2</rect></_>
    <_>
      <rect>
        15 15 3 2</rect></_>
    <_>
      <rect>
        15 18 1 1</rect></_>
    <_>
      <rect>
        16 2 2 4</rect></_>
    <_>
      <rect>
        16 9 1 2</rect></_>
    <_>
      <rect>
        17 5 2 4</rect></_>
    <_>
      <rect>
        17 6 2 4</rect></_>
    <_>
      <rect>
        17 7 2 2</rect></_>
    <_>
      <rect>
        17 7 2 3</rect></_></features></cascade>
</opencv_storage>
